{
	"class_name" : "PinholeCameraParameters",
	"extrinsic" : 
	[
		0.99673508141308254,
		0.071963745884276023,
		0.036611429346026875,
		0.0,
		-0.018523962022230729,
		-0.23753147426884508,
		0.97120320302327467,
		0.0,
		0.078587787292013281,
		-0.96871049236083562,
		-0.23542289964778904,
		0.0,
		-1.0329877078254606,
		0.49474330890335116,
		2.7451429520769621,
		1.0
	],
	"intrinsic" : 
	{
		"height" : 480,
		"intrinsic_matrix" : 
		[
			415.69219381653056,
			0.0,
			0.0,
			0.0,
			415.69219381653056,
			0.0,
			319.5,
			239.5,
			1.0
		],
		"width" : 640
	},
	"version_major" : 1,
	"version_minor" : 0
}